{"y_avg_norm": 159749.17709021227, "scaler_mean": [1410.4166666666667, 428.80555555555554], "scaler_scale": [1039.1114493482717, 455.358692219932]}